<?xml version="1.0" encoding="UTF-8" standalone="yes"?>
<addon id="repository.PipMeister" name="PipMeister" version="1.0.0" provider-name="Solamsnake">
    <extension point="xbmc.addon.repository" name="Pip Meister">
        <dir>
            <info compressed="false">https://github.com/Solamsnake/PipMeister/zips/addons.xml</info>
            <checksum>https://github.com/Solamsnake/PipMeister/zips/addons.xml.md5</checksum>
            <datadir zip="true">https://github.com/Solamsnake/PipMeister/zips/</datadir>
        </dir>
    </extension>
    <extension point="xbmc.addon.metadata">
        <summary>PipMeister</summary>
        <description>My favorite Kodi addons</description>
        <disclaimer></disclaimer>
        <platform>all</platform>
        <assets>
            <icon>icon.png</icon>
            <fanart>fanart.jpg</fanart>
        </assets>
    </extension>
</addon>